Week,Year,Season,Season2,mean_t,mean_vpd,mean_swc,mean_gpp,mean_ET,mean_NEE,mean_ppfd,mean_SWP,mean_PP,mean_DF,mean_3sap,N.x,se_t,se_vpd,se_GPP,se_swc,se_ET,se_SWP,se_PP,se_DF,se_3sap,se_ppfd,date.x,P4_PRI_mean,P4_PRI_se,P5_NDVI_mean,P5_NDVI_se,thermal_mean,thermal_sd,tdiff_daf_16m,tdiff_daf_8m,se_tdiff_daf_16m,se_tdiff_daf_8m,se_CANOPY_TEMP
21,2022,Pre-Monsoon,Growth,17.50857143,1.698095052,5.504535147,12.72133285,6.87E-05,-10.1150756,1957.510204,4.580204082,2.600077551,5.866730612,3.590140816,49,0.396034124,0.456750758,0.3930846,0.005938417,5.20E-06,0.096772498,0.10539196,0.08251103,0.095339891,28.69331327,5/25/22,0.028783429,0.006738384,0.640753823,0.002467895,17.22279568,4.140008063,0.970326541,0.757610491,0.22738374,0.208251001,0.460000896
22,2022,Pre-Monsoon,Growth,16.81510204,1.612417877,5.287528345,11.56496581,4.93E-05,-8.703775125,2003.55102,2.888428571,1.686372857,4.345867347,2.287400714,49,0.338007759,0.439424247,0.30171716,0.008013074,3.63E-06,0.128756546,0.080826885,0.095738507,0.103754553,11.05332857,5/30/22,0.03229953,0.001920438,0.635085252,0.001701517,16.48538992,4.338551133,1.086673501,0.646583949,0.261672492,0.244547757,0.530038381
23,2022,Pre-Monsoon,Growth,21.25163265,1.966157286,5.125170068,6.868631265,5.97E-05,-4.68925164,1703.408163,0.990642857,0.668723469,3.161365306,0.829683163,49,0.298486595,0.302039341,0.425215012,0.005222193,3.54E-06,0.076245549,0.048984482,0.061171229,0.062343444,75.92107295,6/6/22,0.032963884,0.003509918,0.64773041,0.016343715,19.76845011,4.022148732,0.760504905,0.549409014,0.20571363,0.201958483,0.470756902
24,2022,Pre-Monsoon,Growth,21.88142857,2.106655234,4.975963719,7.598362936,4.61E-05,-4.718854739,1616.581633,0.494662735,0.350434531,2.086619592,0.422548633,49,0.439349879,0.8488381,0.479121751,0.007812167,4.23E-06,0.036345261,0.036038363,0.131699588,0.029970338,85.16225244,6/13/22,0.028739357,0.013774622,0.656511717,0.008422683,21.54831414,3.688776574,0.319841916,0.272341916,0.164071842,0.150672281,0.434726488
25,2022,Pre-Monsoon,Growth,18.83408163,1.17974454,4.819501134,10.51753016,5.24E-05,-7.842320812,1306.37551,0.666875306,0.18800049,0.846326939,0.427437898,49,0.313860768,0.558820173,0.419537779,0.003715928,6.15E-06,0.040250535,0.014342498,0.097910022,0.026921224,82.62681449,6/20/22,0.013196054,0.018665678,0.684563223,0.024384262,17.58101798,3.671257957,0.532062758,0.473107534,0.266546279,0.251663637,0.448515545
26,2022,Monsoon,Growth,16.86346939,0.695188734,7.851247166,11.07678653,8.55E-05,-8.567696679,901.0714286,2.68174449,0.797574082,2.067538163,1.739659286,49,0.243629645,0.579737614,0.525641647,0.300122595,7.52E-06,0.34888931,0.108595786,0.236974153,0.227841941,63.16071486,6/27/22,0.005372841,0.026012508,0.698453972,0.035823376,17.60977526,2.527237644,0.357311491,0.656441925,0.197120028,0.205356298,0.30424366
27,2022,Monsoon,Growth,19.54959184,1.334278723,8.597732426,10.60095381,8.78E-05,-8.008949669,1545.571429,6.838059796,2.277723878,5.283261224,4.557891837,49,0.446147813,1.009942225,0.705237754,0.11446377,7.77E-06,0.274463191,0.125204296,0.198959956,0.198047882,90.83078899,7/4/22,0.028500084,0.010848748,0.674235521,0.007064246,19.25559661,3.766287806,0.419596609,0.410596609,0.220502287,0.208313539,0.486225665
28,2022,Monsoon,Growth,23.10734694,1.848628536,6.706575964,6.799326555,0.000114396,-4.019454033,1553.7,5.989881633,2.036760408,4.730777551,4.01332102,49,0.229721396,0.477267792,0.512097974,0.031785555,9.19E-06,0.179870098,0.081547824,0.123106461,0.128933201,81.04662181,7/11/22,0.043242916,0.004360753,0.69656777,0.030428054,22.11069049,3.351858974,0.172783516,0.345574213,0.263981909,0.256007577,0.511153701
29,2022,Monsoon,Growth,23.70081633,1.721102084,6.047845805,6.379792905,0.000114466,-3.145734388,1579.973469,3.621361224,1.196063265,2.643811429,2.408712245,49,0.187410486,0.389469512,0.6224598,0.033805866,8.32E-06,0.180901811,0.067654141,0.144162063,0.123784112,65.79764542,7/18/22,0.038788217,0.033697204,0.713198984,0.0392859,21.71450131,3.047780059,0.13907274,0.339501311,0.180949737,0.183547089,0.364279392
30,2022,Monsoon,Growth,16.25469388,0.382081538,9.880725624,8.044577532,9.57E-05,-6.508355705,851.9118367,1.750243384,0.607810251,1.161980578,1.179026817,49,0.351666719,0.619162754,0.846616824,0.491621962,1.15E-05,0.326348858,0.115220856,0.192300472,0.219490914,99.93131146,7/25/22,0.044108875,0.040931766,0.798293426,0.105282745,18.60589062,2.990595958,0.28936888,0.414586271,0.320658565,0.321208405,0.623582364
31,2022,Monsoon,Growth,18.33714286,0.518819219,15.45555556,8.996489043,0.000130443,-7.569754319,1168.563265,5.893262041,2.059526327,4.156942857,3.976394184,49,0.182484973,0.494517203,0.64413858,0.144610783,1.18E-05,0.354619419,0.171563204,0.272538598,0.261540033,74.33196721,8/1/22,0.044762798,0.012511077,0.719076459,0.014137181,17.91572108,2.749121092,-0.471501142,0.112665525,0.24977519,0.268511912,0.458186849
32,2022,Monsoon,Growth,17.62734694,0.646787169,17.65759637,8.747443822,0.000123642,-6.99641213,1078.017143,6.241632041,2.818914286,4.865869184,4.530273163,49,0.371200568,0.584987529,0.951877981,0.375447114,1.22E-05,0.498811095,0.220980606,0.343892441,0.354395205,101.9224781,8/8/22,0.057886732,0.047625152,0.794257486,0.08096248,18.69489661,2.084646724,-1.041257236,-0.198949544,0.357438164,0.414354403,0.578176974
33,2022,Monsoon,Growth,17.14734694,0.397607863,17.62834467,8.361946341,0.000102688,-6.317986386,805.5689796,4.336278673,1.521104265,3.313461429,2.928691469,49,0.281444098,0.526629075,0.820234126,0.110373145,8.92E-06,0.428745192,0.202704182,0.336071714,0.312478203,78.39799649,8/15/22,0.045848857,0.009180313,0.866070222,0.008603819,17.63913369,2.409336745,-0.006038724,0.513616448,0.353032887,0.339064446,0.447402602
34,2022,Monsoon,Max,16.64897959,0.283310834,17.78072562,9.468392724,0.000134432,-7.934579937,1073.071429,4.105617016,1.696496082,3.010695139,2.901056549,49,0.260298959,0.44846359,0.892305239,0.238751471,1.02E-05,0.455662552,0.200580001,0.358906393,0.325077858,60.60092421,8/22/22,0.038100318,0.015145979,0.873916106,0.025375891,16.93991753,2.568042596,0.252953249,0.75313182,0.229293667,0.241563525,0.343169127
35,2022,Monsoon,Max,18.17809524,0.504562174,14.92675737,9.900704376,0.000113648,-7.809652639,983.4142857,8.068691837,3.701486122,6.214314286,5.88508898,49,0.255817066,0.650367363,1.015277397,0.125304248,8.49E-06,0.403201384,0.230158151,0.307403875,0.305938665,79.46254352,8/29/22,0.034548085,0.012398779,0.851247921,0.010005261,17.671966,2.879119252,-0.691248288,0.151608855,0.327923272,0.337413926,0.544102395
36,2022,Monsoon,Max,17.93928571,1.044295854,12.03469388,14.4201278,9.79E-05,-12.62658087,1413.714286,8.833838776,4.174240408,6.965044224,6.504039592,49,0.179147172,0.428036979,0.538845035,0.125518005,6.55E-06,0.492063191,0.229920575,0.40777643,0.355778836,45.07957132,9/5/22,0.032661845,0.004630657,0.835826347,0.002314851,16.37376448,2.419122301,0.063208923,0.068208923,0.379626723,0.349584437,0.570192595
37,2022,Monsoon,Max,16.66306122,0.859002661,10.00204082,13.75494198,8.94E-05,-11.93453813,1513.620408,8.027873469,3.700377959,6.487363265,5.864125714,49,0.183074463,0.471131576,0.553689121,0.060304992,8.03E-06,0.328578251,0.200085013,0.294178139,0.259409227,42.54964537,9/12/22,0.024497434,0.006894862,0.834059765,0.002712883,15.47423484,2.968806051,0.593927148,0.473619456,0.258258261,0.233547631,0.368235071
38,2022,Monsoon,Max,18.01938776,0.988538943,10.84421769,13.34561248,8.25E-05,-11.29159938,1411.630612,8.097279053,3.7576829,6.742725184,5.927480977,49,0.225274475,0.649865549,0.663859405,0.363874462,6.51E-06,0.461083503,0.230466205,0.405820563,0.342665839,54.60472963,9/19/22,0.024420805,0.032280894,0.835736062,0.008067033,17.36212484,2.63780851,0.219771902,0.277713078,0.212082945,0.196096156,0.319881268
39,2022,Monsoon,Max,16.0344898,0.889657639,11.41972789,9.77640047,6.02E-05,-7.750043547,1061.932653,8.072189796,3.531507755,6.712387755,5.801848776,49,0.290375675,0.40008293,0.666660801,0.132064885,4.73E-06,0.361505651,0.191500991,0.257988012,0.27454741,79.02861218,9/26/22,0.025640415,0.011455031,0.834619692,0.007901419,15.91302148,2.506138043,-0.084251242,0.385021485,0.236827978,0.205606948,0.337927585
40,2022,Monsoon,Max,12.87714286,0.576828114,9.322902494,10.22721697,7.90E-05,-8.315234914,982.4632653,5.534349592,2.049917755,4.870282041,3.792133673,49,0.260058536,0.256628105,0.606360145,0.049060426,9.89E-06,0.403213697,0.187693468,0.327196771,0.293512822,74.79347442,10/3/22,0.008502407,0.007926156,0.847047555,0.01174491,13.338712,3.142346231,0.343545332,0.712878665,0.261257078,0.251667916,0.405675154
41,2022,Post-Monsoon,Max,11.95542857,0.602924147,12.69206349,12.49708671,8.92E-05,-10.4840028,849.2402041,5.286376122,2.16639102,5.138600612,3.726383571,49,0.464245676,0.590220872,0.5529452,0.200832336,8.44E-06,0.483796887,0.220597285,0.433220344,0.349113432,74.95671697,10/10/22,-0.033164775,0.050696704,0.827962993,0.009402484,13.70193636,2.661227202,0.577627265,1.181590902,0.198124264,0.154115023,0.358839803
42,2022,Post-Monsoon,Max,10.38579592,0.440072122,14.46643991,10.21852794,6.67E-05,-8.238419218,1048.908163,3.664422129,1.463818163,4.805120408,2.564120146,49,0.440680456,0.560479616,0.575260442,0.149772191,6.94E-06,0.463599585,0.214390091,0.427701754,0.337036464,57.27670031,10/17/22,-0.006535509,0.032387523,0.821817315,0.007915333,11.44648216,3.272120635,1.081032164,1.120507164,0.182675631,0.166547383,0.517367699
43,2022,Post-Monsoon,Max,7.778918367,0.57771251,15.22993197,8.788654103,6.78E-05,-7.35535703,1067.561224,3.368028694,1.59773499,4.560666122,2.482881842,49,0.443001996,0.576916189,0.56705641,0.141651365,7.09E-06,0.424428883,0.20809194,0.502824752,0.314569954,56.51217788,10/24/22,0.001033366,0.007776123,0.820300269,0.004655953,8.320820649,3.591133214,0.481230906,0.563000136,0.223458182,0.196974524,0.575041532
44,2022,Post-Monsoon,Max,11.15428571,0.987382822,13.79417989,11.80701069,9.23E-05,-10.09157746,1239.666667,6.845309524,2.965885714,7.61892381,4.905597619,21,0.097878864,0.190740466,0.374464031,0.067296928,9.33E-06,0.166071425,0.077164697,0.165967797,0.095470331,28.75556537,10/31/22,-0.028170071,0.017001175,0.809159559,0.033923054,11.09301901,2.690316148,0.886247583,1.426561869,0.22241094,0.182998575,0.454746428
18,2023,Pre-Monsoon,Growth,10.42942857,0.922160353,9.64047619,11.35011447,5.11E-05,-9.442988756,1865.380952,5.189959524,1.85197881,5.364821429,3.520969167,42,0.330669527,0.237604894,0.312436229,0.054738896,3.88E-06,0.230847973,0.106622669,0.173279617,0.166229374,19.6339011,5/1/23,-0.008897568,0.00670875,0.804169071,0.001362127,10.11906687,3.78681348,1.180584732,0.876263303,0.150316396,0.121302815,0.506034237
19,2023,Pre-Monsoon,Growth,13.41116327,1.263399177,8.562811791,12.34824969,8.34E-05,-10.29376111,1904.020408,6.429485714,2.253024694,5.91357551,4.341255204,49,0.462345238,0.458121531,0.483926963,0.042945909,7.86E-06,0.271277103,0.091989136,0.187941462,0.180095657,9.216107692,5/8/23,0.001020118,0.008763601,0.807327092,0.005810227,14.33643379,3.708948943,1.722841683,1.562604841,0.154606001,0.129994909,0.425445622
20,2023,Pre-Monsoon,Growth,14.54938776,0.986255801,8.477777778,10.65790186,7.84E-05,-8.396576124,1362.044898,5.673553061,1.803187143,4.846246939,3.738370102,49,0.223334046,0.370581795,0.355934882,0.148136219,6.62E-06,0.266504454,0.104073376,0.162996943,0.184454309,97.50659415,5/15/23,0.009107999,0.018891564,0.836101352,0.023366965,15.32270379,2.644719305,1.647409672,1.407213594,0.220873096,0.203235661,0.370334777
21,2023,Pre-Monsoon,Growth,15.6577551,1.466473587,8.593424036,11.37842522,6.38E-05,-8.826640095,1954.918367,7.085340816,2.8105,5.414032653,4.947920408,49,0.154246375,0.201206694,0.24557791,0.073664247,4.85E-06,0.095601488,0.037363881,0.040361363,0.065158798,7.457352484,5/22/23,0.01834409,0.005685751,0.81482953,0.01010271,16.42336385,2.004684342,1.781635453,1.413610762,0.115707903,0.094670132,0.222742705
22,2023,Pre-Monsoon,Growth,14.38040816,1.271511978,7.293424036,13.2549949,5.56E-05,-10.7456678,1854.653061,6.470479592,2.261733469,5.298320408,4.366106531,49,0.303493121,0.307409292,0.26567926,0.037339447,5.65E-06,0.135498582,0.074657284,0.055058111,0.101979381,29.18221477,5/29/23,0.02078333,0.003581532,0.801532946,0.002410344,15.06472985,3.014920458,1.795955201,1.497786187,0.131094411,0.122682399,0.35780523
23,2023,Pre-Monsoon,Growth,16.06693878,1.51671185,6.61723356,12.34479584,5.05E-05,-9.867926894,1693.242857,6.540136735,2.106626531,5.169506122,4.323381633,49,0.339384723,0.359065109,0.332990726,0.023987565,4.22E-06,0.132296953,0.062059304,0.071807999,0.095775145,66.796423,6/5/23,0.024477493,0.013274153,0.802465564,0.006102104,16.5280227,3.01096991,1.807600165,1.482191714,0.142874634,0.130147498,0.357336386
24,2023,Pre-Monsoon,Growth,16.15081633,1.540964683,6.218820862,11.95113515,5.68E-05,-9.110102794,1933.55102,6.061844898,1.858834694,4.70985102,3.960339796,49,0.377181617,0.505307025,0.286508297,0.010159578,4.89E-06,0.131827163,0.048151707,0.064660496,0.081732701,8.805053301,6/12/23,0.030900938,0.004376831,0.801654342,0.003479675,15.81484467,3.193629147,1.78940989,1.477692499,0.183893902,0.196512821,0.470874929
25,2023,Pre-Monsoon,Growth,19.43387755,1.956486349,5.984580499,11.28414287,4.61E-05,-8.627683103,1871.469388,5.949646939,1.545188163,4.136589796,3.747417551,49,0.161229021,0.330205291,0.294583281,0.010121337,2.05E-06,0.077794964,0.043878699,0.071654177,0.059078264,28.06711317,6/19/23,0.035432478,0.008957664,0.807764677,0.003117828,19.30736726,2.131242955,1.505700589,1.185033922,0.133958331,0.142010393,0.275142282
26,2023,Pre-Monsoon,Growth,22.57877551,2.235439644,5.758276644,9.551138196,5.53E-05,-6.660650969,1899.836735,4.927708163,1.226204286,3.234473469,3.076956224,49,0.274107958,0.6512347,0.277549769,0.011240416,2.91E-06,0.104588013,0.034687456,0.073325004,0.067263638,12.12661193,6/26/23,0.135359093,0.01180105,0.812904731,0.002960196,22.24585978,2.545782789,0.987826998,0.808318801,0.148005426,0.140806507,0.325954085
27,2023,Pre-Monsoon,Growth,24.80061224,2.530970136,5.555328798,8.509886124,5.76E-05,-5.258582831,1850.755102,4.062442857,0.708732653,2.549218367,2.385587755,49,0.147892913,0.391250045,0.434992511,0.007406154,4.19E-06,0.081172654,0.019723284,0.04670838,0.049161734,27.60740514,7/3/23,0.165590628,0.002098747,0.818848837,0.007718682,23.35498115,2.341455267,0.748314484,0.536409722,0.140196073,0.144525087,0.294995635
28,2023,Pre-Monsoon,Growth,21.98653061,1.497574025,5.391609977,9.3008606,5.95E-05,-7.004040366,1020.838776,2.711641837,0.454083335,1.582735306,1.582862586,49,0.335706757,0.723049193,0.473153828,0.005319342,5.23E-06,0.131105421,0.03011834,0.079776643,0.079845017,72.17738152,7/10/23,0.146266887,0.023798175,0.837813984,0.010199963,22.45231923,2.618964862,0.170677437,0.426050571,0.146166711,0.155648124,0.319957482
29,2023,Monsoon,Growth,25.31653061,2.271841221,6.04399093,5.034882029,9.28E-05,-1.306378374,1450.185714,4.136383673,0.706848327,2.156802041,2.421616,49,0.287284458,0.704301482,0.494545961,0.077013412,7.06E-06,0.230573679,0.049961878,0.135203284,0.139594578,88.79589457,7/17/23,0.165857585,0.020854987,0.842388002,0.012720617,24.61237695,2.673664085,-0.032840443,0.425637818,0.162671219,0.171586593,0.394210263
30,2023,Monsoon,Growth,24.76244898,2.159200299,7.012244898,4.800251764,0.000123814,-1.639361419,1414.602041,6.507289796,1.51457,3.754244898,4.010929898,49,0.264455308,0.528835684,0.420582729,0.129625814,1.08E-05,0.284081924,0.082302784,0.208075619,0.181173673,71.8929942,7/24/23,0.167001307,0.013178735,0.842050036,0.005199802,24.26441117,2.488173065,-0.080466878,0.295142878,0.222545447,0.238434164,0.388587348
31,2023,Monsoon,Growth,23.00918367,1.949371894,6.02154195,10.8824746,8.51E-05,-8.081187761,1613.130612,4.018342857,0.978255714,2.311703878,2.498299286,49,0.334899446,0.846593353,0.504276018,0.032474137,7.91E-06,0.214256218,0.06642098,0.139196773,0.139284438,66.13266674,7/31/23,0.123949182,0.030574419,0.839344854,0.003359201,22.47021236,2.765022715,0.615705318,0.726409543,0.156597034,0.142315305,0.328147824
32,2023,Monsoon,Growth,20.54857143,1.209199447,5.555102041,9.937452019,8.93E-05,-6.658239119,1408.634694,2.005406816,0.303477531,0.798354184,1.154442173,49,0.491184013,0.974883607,0.841805834,0.012623619,1.05E-05,0.179802634,0.031852694,0.081860651,0.1052439,87.61731676,8/7/23,-0.004065262,0.042286992,0.8500331,0.008720741,21.3565717,2.743037888,0.436571697,0.66900413,0.204411551,0.205499159,0.450952651
33,2023,Monsoon,Growth,19.76,1.239857514,6.23537415,10.7015458,8.43E-05,-7.708602679,1009.726531,4.712189796,1.025627755,2.761916939,2.868908776,49,0.34901209,0.541505417,0.512415186,0.042856743,9.49E-06,0.207789456,0.065077594,0.163358169,0.134657848,80.64211975,8/14/23,-0.092944659,0.051822354,0.853939226,0.007862963,19.14176163,2.193596693,-0.164100436,0.091589219,0.160997566,0.146465386,0.288033357
34,2023,Monsoon,Max,18.13836735,0.8779029,6.240589569,10.67152719,7.61E-05,-7.920192987,932.022449,4.032869184,0.972920959,2.272781633,2.502895071,49,0.265486549,0.41512647,0.468769039,0.096713957,7.13E-06,0.304748681,0.088887909,0.213166033,0.193751038,63.8025302,8/21/23,-0.152996203,0.028426537,0.874653867,0.039478166,18.81276008,2.378910544,-0.148906585,0.560676748,0.219880175,0.201080014,0.485593081
35,2023,Monsoon,Max,20.05836735,1.176168051,8.260997732,8.848927393,9.55E-05,-6.070926571,1044.013265,5.763382245,1.317045141,3.961616531,3.540213693,49,0.541878531,0.945015834,0.721036441,0.278305833,8.42E-06,0.377462485,0.1030307,0.273425203,0.237717131,80.98553819,8/28/23,-0.150955987,0.015153862,0.855178309,0.006142823,21.68122514,3.182137149,0.217588773,0.807588773,0.298460632,0.215793573,0.553938976
36,2023,Monsoon,Max,20.82306122,1.704767266,9.492290249,12.63790724,9.71E-05,-9.733460307,1564.306122,10.11883265,3.109573469,7.258844898,6.614203061,49,0.369038464,0.732800657,0.500557493,0.14232529,6.38E-06,0.179483435,0.07488119,0.233475435,0.124728092,40.46164519,9/4/23,-0.147967828,0.007943119,0.849358774,0.001906918,19.21639373,2.301687956,0.603727066,0.546727066,0.15460538,0.138628235,0.297146637
37,2023,Monsoon,Max,18.25714286,1.207936259,7.830612245,13.74129625,8.53E-05,-11.09028839,1344.87551,7.706595633,2.189473735,5.916070408,4.948034684,49,0.492591112,1.008811835,0.588072746,0.040630904,8.02E-06,0.544424278,0.176499926,0.403071715,0.359370738,77.62698646,9/11/23,-0.173720217,0.028342955,0.85426723,0.008750545,19.06453936,2.922843854,0.197590206,0.262335969,0.231560984,0.218631006,0.380521858
38,2023,Monsoon,Max,17.46,1.433291315,6.602721088,12.14273782,5.83E-05,-9.608968407,1564.55102,7.772304082,2.134458571,5.816238776,4.953381327,49,0.306883612,0.523723912,0.524795673,0.053023883,3.83E-06,0.243572781,0.077629475,0.171779882,0.15433728,55.74413777,9/18/23,-0.165104792,0.006473618,0.84926006,0.006787168,17.56885199,2.232942755,0.84529643,0.668629763,0.150953865,0.140097929,0.332867453
39,2023,Monsoon,Max,19.44265306,1.730332589,5.802267574,10.55204887,5.97E-05,-7.90367576,1653.020408,4.171834694,0.918280408,3.078725918,2.545057551,49,0.320144628,0.460626653,0.251878055,0.021005473,6.10E-06,0.187836422,0.022871524,0.178920468,0.102975375,20.6633094,9/25/23,-0.16349733,0.006335612,0.843418245,0.001329617,18.99683817,2.973523548,0.532010588,0.566320932,0.136607258,0.116037557,0.39044277
40,2023,Monsoon,Max,15.4722449,1.311131071,5.418594104,9.741029747,5.10E-05,-7.909105608,1577.118367,2.017437143,0.354838959,0.955123265,1.186138051,49,0.440461287,0.570950473,0.362490012,0.008395383,4.49E-06,0.17685086,0.055026931,0.078939421,0.109786859,25.91252745,10/2/23,-0.172932626,0.007798169,0.843446916,0.001392763,16.90837098,3.128833572,0.694711887,0.969870977,0.276307342,0.214727645,0.471689409
41,2023,Post-Monsoon,Max,15.2055102,1.166284168,5.23968254,11.17390417,6.26E-05,-9.06542022,1524.859184,0.836045367,0.318621294,0.264620522,0.577333331,49,0.358326973,0.451518394,0.389098674,0.008849592,6.17E-06,0.102221544,0.05536479,0.034629055,0.073407012,34.94213413,10/9/23,-0.185081474,0.012272178,0.836235814,0.001749204,15.1855395,3.002733593,0.662644762,0.77359213,0.203360795,0.171904246,0.39772178
42,2023,Post-Monsoon,Max,19.6222449,1.759185098,5.096825397,5.849329169,5.79E-05,-4.248141349,1345.012245,0.263060122,0.019417122,0.087056947,0.141238622,49,0.283157348,0.603934507,0.427474931,0.007843369,5.68E-06,0.049554419,0.002667291,0.015367411,0.025496869,49.05014117,10/16/23,-0.17997565,0.004962064,0.83250676,0.003006224,18.98375969,2.462531347,-0.052660065,0.485241169,0.155014938,0.115672835,0.273614594
43,2023,Post-Monsoon,Max,11.76053061,0.714933061,5.178004535,9.138485253,5.46E-05,-7.7338518,1184.208163,0.405136069,0.0923077,0.132859551,0.248721885,49,0.503336939,0.740828892,0.436160065,0.026331371,8.89E-06,0.076261916,0.013831783,0.030907186,0.04293837,64.63844387,10/23/23,-0.179700192,0.047468456,0.842967132,0.007818262,11.87022429,4.068544603,0.604113175,0.859427989,0.173562611,0.158097813,0.553658793
44,2023,Post-Monsoon,Max,8.549142857,0.733946809,5.083068783,9.316822077,3.90E-05,-8.065722312,1428.619048,0.631884224,0.148662952,0.120028376,0.390273588,21,0.192696866,0.282795967,0.763275458,0.00974752,2.98E-06,0.115175642,0.018472519,0.026864703,0.058639349,13.03885698,10/30/23,-0.177729554,0.005991062,0.846874792,0.001233891,7.832013855,2.459072113,0.271913855,0.448680521,0.241742187,0.203766632,0.448963089